<linker>
  <assembly fullname="Assembly-CSharp, Version=0.0.0.0, Culture=neutral, PublicKeyToken=null">
    <type fullname="CeilingCheck" preserve="all" />
    <type fullname="ChangeTarget" preserve="all" />
    <type fullname="Pawn" preserve="all" />
    <type fullname="PawnCameraLook" preserve="all" />
    <type fullname="PawnInput" preserve="all" />
    <type fullname="PawnMovement" preserve="all" />
    <type fullname="PawnWeapon" preserve="all" />
    <type fullname="SetLayerTag" preserve="all" />
    <type fullname="ShootPoint" preserve="all" />
    <type fullname="WeaponData" preserve="all" />
  </assembly>
  <assembly fullname="FishNet.Runtime, Version=0.0.0.0, Culture=neutral, PublicKeyToken=null">
    <type fullname="FishNet.Component.Animating.NetworkAnimator" preserve="all" />
    <type fullname="FishNet.Component.Transforming.NetworkTransform" preserve="all" />
    <type fullname="FishNet.Object.NetworkObject" preserve="all" />
    <type fullname="FishNet.Component.Transforming.NetworkTransform/ComponentConfigurationType" preserve="nothing" serialized="true" />
    <type fullname="FishNet.Component.Transforming.NetworkTransform/SnappedAxes" preserve="nothing" serialized="true" />
    <type fullname="FishNet.Object.TransformProperties" preserve="nothing" serialized="true" />
    <type fullname="FishNet.Serializing.TransformPackingData" preserve="nothing" serialized="true" />
  </assembly>
  <assembly fullname="Unity.Addressables, Version=0.0.0.0, Culture=neutral, PublicKeyToken=null" preserve="all">
    <type fullname="UnityEngine.AddressableAssets.Addressables" preserve="all" />
  </assembly>
  <assembly fullname="Unity.Animation.Rigging, Version=0.0.0.0, Culture=neutral, PublicKeyToken=null">
    <type fullname="UnityEngine.Animations.Rigging.Rig" preserve="all" />
    <type fullname="UnityEngine.Animations.Rigging.RigBuilder" preserve="all" />
    <type fullname="UnityEngine.Animations.Rigging.TwoBoneIKConstraint" preserve="all" />
    <type fullname="UnityEngine.Animations.Rigging.RigLayer" preserve="nothing" serialized="true" />
    <type fullname="UnityEngine.Animations.Rigging.TwoBoneIKConstraintData" preserve="nothing" serialized="true" />
  </assembly>
  <assembly fullname="Unity.RenderPipelines.Universal.Runtime, Version=0.0.0.0, Culture=neutral, PublicKeyToken=null">
    <type fullname="UnityEngine.Rendering.Universal.UniversalAdditionalCameraData" preserve="all" />
  </assembly>
  <assembly fullname="Unity.ResourceManager, Version=0.0.0.0, Culture=neutral, PublicKeyToken=null" preserve="all">
    <type fullname="UnityEngine.ResourceManagement.ResourceProviders.AssetBundleProvider" preserve="all" />
    <type fullname="UnityEngine.ResourceManagement.ResourceProviders.BundledAssetProvider" preserve="all" />
    <type fullname="UnityEngine.ResourceManagement.ResourceProviders.InstanceProvider" preserve="all" />
    <type fullname="UnityEngine.ResourceManagement.ResourceProviders.LegacyResourcesProvider" preserve="all" />
    <type fullname="UnityEngine.ResourceManagement.ResourceProviders.SceneProvider" preserve="all" />
  </assembly>
  <assembly fullname="UnityEngine.AnimationModule, Version=0.0.0.0, Culture=neutral, PublicKeyToken=null">
    <type fullname="UnityEngine.AnimationClip" preserve="all" />
    <type fullname="UnityEngine.Animator" preserve="all" />
    <type fullname="UnityEngine.Avatar" preserve="all" />
    <type fullname="UnityEngine.RuntimeAnimatorController" preserve="all" />
  </assembly>
  <assembly fullname="UnityEngine.AudioModule, Version=0.0.0.0, Culture=neutral, PublicKeyToken=null">
    <type fullname="UnityEngine.AudioListener" preserve="all" />
  </assembly>
  <assembly fullname="UnityEngine.CoreModule, Version=0.0.0.0, Culture=neutral, PublicKeyToken=null">
    <type fullname="UnityEngine.Camera" preserve="all" />
    <type fullname="UnityEngine.GameObject" preserve="all" />
    <type fullname="UnityEngine.LineRenderer" preserve="all" />
    <type fullname="UnityEngine.Material" preserve="all" />
    <type fullname="UnityEngine.Mesh" preserve="all" />
    <type fullname="UnityEngine.MeshFilter" preserve="all" />
    <type fullname="UnityEngine.MeshRenderer" preserve="all" />
    <type fullname="UnityEngine.Object" preserve="all" />
    <type fullname="UnityEngine.Shader" preserve="all" />
    <type fullname="UnityEngine.SkinnedMeshRenderer" preserve="all" />
    <type fullname="UnityEngine.Texture2D" preserve="all" />
    <type fullname="UnityEngine.Transform" preserve="all" />
  </assembly>
  <assembly fullname="UnityEngine.ParticleSystemModule, Version=0.0.0.0, Culture=neutral, PublicKeyToken=null">
    <type fullname="UnityEngine.ParticleSystem" preserve="all" />
    <type fullname="UnityEngine.ParticleSystemRenderer" preserve="all" />
  </assembly>
  <assembly fullname="UnityEngine.PhysicsModule, Version=0.0.0.0, Culture=neutral, PublicKeyToken=null">
    <type fullname="UnityEngine.CapsuleCollider" preserve="all" />
    <type fullname="UnityEngine.CharacterController" preserve="all" />
  </assembly>
</linker>